text,sentiment
ABLE,positive
ABUNDANCE,positive
ABUNDANT,positive
ACCLAIMED,positive
ACCOMPLISH,positive
ACCOMPLISHED,positive
ACCOMPLISHES,positive
ACCOMPLISHING,positive
ACCOMPLISHMENT,positive
ACCOMPLISHMENTS,positive
ACHIEVE,positive
ACHIEVED,positive
ACHIEVEMENT,positive
ACHIEVEMENTS,positive
ACHIEVES,positive
ACHIEVING,positive
ADEQUATELY,positive
ADVANCEMENT,positive
ADVANCEMENTS,positive
ADVANCES,positive
ADVANCING,positive
ADVANTAGE,positive
ADVANTAGED,positive
ADVANTAGEOUS,positive
ADVANTAGEOUSLY,positive
ADVANTAGES,positive
ALLIANCE,positive
ALLIANCES,positive
ASSURE,positive
ASSURED,positive
ASSURES,positive
ASSURING,positive
ATTAIN,positive
ATTAINED,positive
ATTAINING,positive
ATTAINMENT,positive
ATTAINMENTS,positive
ATTAINS,positive
ATTRACTIVE,positive
ATTRACTIVENESS,positive
BEAUTIFUL,positive
BEAUTIFULLY,positive
BENEFICIAL,positive
BENEFICIALLY,positive
BENEFIT,positive
BENEFITED,positive
BENEFITING,positive
BENEFITTED,positive
BENEFITTING,positive
BEST,positive
BETTER,positive
BOLSTERED,positive
BOLSTERING,positive
BOLSTERS,positive
BOOM,positive
BOOMING,positive
BOOST,positive
BOOSTED,positive
BREAKTHROUGH,positive
BREAKTHROUGHS,positive
BRILLIANT,positive
CHARITABLE,positive
COLLABORATE,positive
COLLABORATED,positive
COLLABORATES,positive
COLLABORATING,positive
COLLABORATION,positive
COLLABORATIONS,positive
COLLABORATIVE,positive
COLLABORATOR,positive
COLLABORATORS,positive
COMPLIMENT,positive
COMPLIMENTARY,positive
COMPLIMENTED,positive
COMPLIMENTING,positive
COMPLIMENTS,positive
CONCLUSIVE,positive
CONCLUSIVELY,positive
CONDUCIVE,positive
CONFIDENT,positive
CONSTRUCTIVE,positive
CONSTRUCTIVELY,positive
COURTEOUS,positive
CREATIVE,positive
CREATIVELY,positive
CREATIVENESS,positive
CREATIVITY,positive
DELIGHT,positive
DELIGHTED,positive
DELIGHTFUL,positive
DELIGHTFULLY,positive
DELIGHTING,positive
DELIGHTS,positive
DEPENDABILITY,positive
DEPENDABLE,positive
DESIRABLE,positive
DESIRED,positive
DESPITE,positive
DESTINED,positive
DILIGENT,positive
DILIGENTLY,positive
DISTINCTION,positive
DISTINCTIONS,positive
DISTINCTIVE,positive
DISTINCTIVELY,positive
DISTINCTIVENESS,positive
DREAM,positive
EASIER,positive
EASILY,positive
EASY,positive
EFFECTIVE,positive
EFFICIENCIES,positive
EFFICIENCY,positive
EFFICIENT,positive
EFFICIENTLY,positive
EMPOWER,positive
EMPOWERED,positive
EMPOWERING,positive
EMPOWERS,positive
ENABLE,positive
ENABLED,positive
ENABLES,positive
ENABLING,positive
ENCOURAGED,positive
ENCOURAGEMENT,positive
ENCOURAGES,positive
ENCOURAGING,positive
ENHANCE,positive
ENHANCED,positive
ENHANCEMENT,positive
ENHANCEMENTS,positive
ENHANCES,positive
ENHANCING,positive
ENJOY,positive
ENJOYABLE,positive
ENJOYABLY,positive
ENJOYED,positive
ENJOYING,positive
ENJOYMENT,positive
ENJOYS,positive
ENTHUSIASM,positive
ENTHUSIASTIC,positive
ENTHUSIASTICALLY,positive
EXCELLENCE,positive
EXCELLENT,positive
EXCELLING,positive
EXCELS,positive
EXCEPTIONAL,positive
EXCEPTIONALLY,positive
EXCITED,positive
EXCITEMENT,positive
EXCITING,positive
EXCLUSIVE,positive
EXCLUSIVELY,positive
EXCLUSIVENESS,positive
EXCLUSIVES,positive
EXCLUSIVITY,positive
EXEMPLARY,positive
FANTASTIC,positive
FAVORABLE,positive
FAVORABLY,positive
FAVORED,positive
FAVORING,positive
FAVORITE,positive
FAVORITES,positive
FRIENDLY,positive
GAIN,positive
GAINED,positive
GAINING,positive
GAINS,positive
GOOD,positive
GREAT,positive
GREATER,positive
GREATEST,positive
GREATLY,positive
GREATNESS,positive
HAPPIEST,positive
HAPPILY,positive
HAPPINESS,positive
HAPPY,positive
HIGHEST,positive
HONOR,positive
HONORABLE,positive
HONORED,positive
HONORING,positive
HONORS,positive
IDEAL,positive
IMPRESS,positive
IMPRESSED,positive
IMPRESSES,positive
IMPRESSING,positive
IMPRESSIVE,positive
IMPRESSIVELY,positive
IMPROVE,positive
IMPROVED,positive
IMPROVEMENT,positive
IMPROVEMENTS,positive
IMPROVES,positive
IMPROVING,positive
INCREDIBLE,positive
INCREDIBLY,positive
INFLUENTIAL,positive
INFORMATIVE,positive
INGENUITY,positive
INNOVATE,positive
INNOVATED,positive
INNOVATES,positive
INNOVATING,positive
INNOVATION,positive
INNOVATIONS,positive
INNOVATIVE,positive
INNOVATIVENESS,positive
INNOVATOR,positive
INNOVATORS,positive
INSIGHTFUL,positive
INSPIRATION,positive
INSPIRATIONAL,positive
INTEGRITY,positive
INVENT,positive
INVENTED,positive
INVENTING,positive
INVENTION,positive
INVENTIONS,positive
INVENTIVE,positive
INVENTIVENESS,positive
INVENTOR,positive
INVENTORS,positive
LEADERSHIP,positive
LEADING,positive
LOYAL,positive
LUCRATIVE,positive
MERITORIOUS,positive
OPPORTUNITIES,positive
OPPORTUNITY,positive
OPTIMISTIC,positive
OUTPERFORM,positive
OUTPERFORMED,positive
OUTPERFORMING,positive
OUTPERFORMS,positive
PERFECT,positive
PERFECTED,positive
PERFECTLY,positive
PERFECTS,positive
PLEASANT,positive
PLEASANTLY,positive
PLEASED,positive
PLEASURE,positive
PLENTIFUL,positive
POPULAR,positive
POPULARITY,positive
POSITIVE,positive
POSITIVELY,positive
PREEMINENCE,positive
PREEMINENT,positive
PREMIER,positive
PREMIERE,positive
PRESTIGE,positive
PRESTIGIOUS,positive
PROACTIVE,positive
PROACTIVELY,positive
PROFICIENCY,positive
PROFICIENT,positive
PROFICIENTLY,positive
PROFITABILITY,positive
PROFITABLE,positive
PROFITABLY,positive
PROGRESS,positive
PROGRESSED,positive
PROGRESSES,positive
PROGRESSING,positive
PROSPERED,positive
PROSPERING,positive
PROSPERITY,positive
PROSPEROUS,positive
PROSPERS,positive
REBOUND,positive
REBOUNDED,positive
REBOUNDING,positive
RECEPTIVE,positive
REGAIN,positive
REGAINED,positive
REGAINING,positive
RESOLVE,positive
REVOLUTIONIZE,positive
REVOLUTIONIZED,positive
REVOLUTIONIZES,positive
REVOLUTIONIZING,positive
REWARD,positive
REWARDED,positive
REWARDING,positive
REWARDS,positive
SATISFACTION,positive
SATISFACTORILY,positive
SATISFACTORY,positive
SATISFIED,positive
SATISFIES,positive
SATISFY,positive
SATISFYING,positive
SMOOTH,positive
SMOOTHING,positive
SMOOTHLY,positive
SMOOTHS,positive
SOLVES,positive
SOLVING,positive
SPECTACULAR,positive
SPECTACULARLY,positive
STABILITY,positive
STABILIZATION,positive
STABILIZATIONS,positive
STABILIZE,positive
STABILIZED,positive
STABILIZES,positive
STABILIZING,positive
STABLE,positive
STRENGTH,positive
STRENGTHEN,positive
STRENGTHENED,positive
STRENGTHENING,positive
STRENGTHENS,positive
STRENGTHS,positive
STRONG,positive
STRONGER,positive
STRONGEST,positive
SUCCEED,positive
SUCCEEDED,positive
SUCCEEDING,positive
SUCCEEDS,positive
SUCCESS,positive
SUCCESSES,positive
SUCCESSFUL,positive
SUCCESSFULLY,positive
SUPERIOR,positive
SURPASS,positive
SURPASSED,positive
SURPASSES,positive
SURPASSING,positive
TRANSPARENCY,positive
TREMENDOUS,positive
TREMENDOUSLY,positive
UNMATCHED,positive
UNPARALLELED,positive
UNSURPASSED,positive
UPTURN,positive
UPTURNS,positive
VALUABLE,positive
VERSATILE,positive
VERSATILITY,positive
VIBRANCY,positive
VIBRANT,positive
WIN,positive
WINNER,positive
WINNERS,positive
WINNING,positive
WORTHY,positive
ABANDON,negative
ABANDONED,negative
ABANDONING,negative
ABANDONMENT,negative
ABANDONMENTS,negative
ABANDONS,negative
ABDICATED,negative
ABDICATES,negative
ABDICATING,negative
ABDICATION,negative
ABDICATIONS,negative
ABERRANT ABERRATION,negative
ABERRATIONAL,negative
ABERRATIONS,negative
ABETTING,negative
ABNORMAL,negative
ABNORMALITIES,negative
ABNORMALITY,negative
ABNORMALLY,negative
ABOLISH,negative
ABOLISHED ABOLISHES,negative
ABOLISHING ABROGATE,negative
ABROGATED ABROGATES,negative
ABROGATING,negative
ABROGATION,negative
ABROGATIONS,negative
ABRUPT,negative
ABRUPTLY,negative
ABRUPTNESS ABSENCE,negative
ABSENCES,negative
ABSENTEEISM,negative
ABUSE,negative
ABUSED,negative
ABUSES,negative
ABUSING,negative
ABUSIVE,negative
ABUSIVELY,negative
ABUSIVENESS,negative
ACCIDENT,negative
ACCIDENTAL,negative
ACCIDENTALLY,negative
ACCIDENTS ACCUSATION,negative
ACCUSATIONS,negative
ACCUSE,negative
ACCUSED,negative
ACCUSES,negative
ACCUSING ACQUIESCE,negative
ACQUIESCED,negative
ACQUIESCES,negative
ACQUIESCING,negative
ACQUIT,negative
ACQUITS,negative
ACQUITTAL ACQUITTALS,negative
ACQUITTED,negative
ACQUITTING,negative
ADULTERATE,negative
ADULTERATED,negative
ADULTERATING,negative
ADULTERATION,negative
ADULTERATIONS,negative
ADVERSARIAL,negative
ADVERSARIES,negative
ADVERSARY,negative
ADVERSE,negative
ADVERSELY,negative
ADVERSITIES,negative
ADVERSITY,negative
AFTERMATH,negative
AFTERMATHS,negative
AGAINST,negative
AGGRAVATE,negative
AGGRAVATED,negative
AGGRAVATES,negative
AGGRAVATING,negative
AGGRAVATION,negative
AGGRAVATIONS,negative
ALERTED,negative
ALERTING ALIENATE,negative
ALIENATED,negative
ALIENATES,negative
ALIENATING ALIENATION,negative
ALIENATIONS,negative
ALLEGATION,negative
ALLEGATIONS,negative
ALLEGE,negative
ALLEGED,negative
ALLEGEDLY,negative
ALLEGES,negative
ALLEGING,negative
ANNOY,negative
ANNOYANCE,negative
ANNOYANCES,negative
ANNOYED ANNOYING,negative
ANNOYS,negative
ANNUL,negative
ANNULLED,negative
ANNULLING,negative
ANNULMENT,negative
ANNULMENTS,negative
ANNULS,negative
ANOMALIES,negative
ANOMALOUS,negative
ANOMALOUSLY,negative
ANOMALY,negative
ANTICOMPETITIVE,negative
ANTITRUST,negative
ARGUE,negative
ARGUED,negative
ARGUING,negative
ARGUMENT,negative
ARGUMENTATIVE,negative
ARGUMENTS,negative
ARREARAGE ARREARAGES ARREARS,negative
ARREST,negative
ARRESTED,negative
ARRESTS,negative
ARTIFICIALLY,negative
ASSAULT,negative
ASSAULTED,negative
ASSAULTING ASSAULTS,negative
ASSERTIONS,negative
ATTRITION AVERSELY,negative
BACKDATING,negative
BAD,negative
BAIL,negative
BAILOUT,negative
BALK,negative
BALKED,negative
BANKRUPT,negative
BANKRUPTCIES,negative
BANKRUPTCY BANKRUPTED,negative
BANKRUPTING,negative
BANKRUPTS,negative
BANS,negative
BARRED,negative
BARRIER,negative
BARRIERS,negative
BOTTLENECK,negative
BOTTLENECKS BOYCOTT,negative
BOYCOTTED,negative
BOYCOTTING,negative
BOYCOTTS,negative
BREACH,negative
BREACHED,negative
BREACHES,negative
BREACHING,negative
BREAK BREAKAGE,negative
BREAKAGES BREAKDOWN,negative
BREAKDOWNS,negative
BREAKING,negative
BREAKS,negative
BRIBE,negative
BRIBED,negative
BRIBERIES,negative
BRIBERY,negative
BRIBES,negative
BRIBING,negative
BRIDGE,negative
BROKEN,negative
BURDEN,negative
BURDENED,negative
BURDENING,negative
BURDENS BURDENSOME,negative
BURNED,negative
CALAMITIES,negative
CALAMITOUS CALAMITY CANCEL,negative
CANCELED CANCELING,negative
CANCELLATION,negative
CANCELLATIONS,negative
CANCELLED,negative
CANCELLING,negative
CANCELS,negative
CARELESS,negative
CARELESSLY CARELESSNESS,negative
CATASTROPHE,negative
CATASTROPHES,negative
CATASTROPHIC CATASTROPHICALLY,negative
CAUTION,negative
CAUTIONARY CAUTIONED,negative
CAUTIONING CAUTIONS,negative
CEASE,negative
CEASED,negative
CEASES,negative
CEASING,negative
CENSURE,negative
CENSURED,negative
CENSURES,negative
CENSURING,negative
CHALLENGE,negative
CHALLENGED CHALLENGES,negative
CHALLENGING,negative
CHARGEOFFS,negative
CIRCUMVENT CIRCUMVENTED,negative
CIRCUMVENTING,negative
CIRCUMVENTION,negative
CIRCUMVENTIONS,negative
CIRCUMVENTS,negative
CLAIMING,negative
CLAIMS,negative
CLAWBACK,negative
CLOSED,negative
CLOSEOUT,negative
CLOSEOUTS,negative
CLOSING,negative
CLOSINGS,negative
CLOSURE,negative
CLOSURES,negative
COERCE,negative
COERCED,negative
COERCES,negative
COERCING,negative
COERCION COERCIVE,negative
COLLAPSE,negative
COLLAPSED,negative
COLLAPSES,negative
COLLAPSING,negative
COLLISION COLLISIONS,negative
COLLUDE,negative
COLLUDED,negative
COLLUDES,negative
COLLUDING,negative
COLLUSION,negative
COLLUSIONS,negative
COLLUSIVE,negative
COMPLAIN,negative
COMPLAINED,negative
COMPLAINING,negative
COMPLAINS,negative
COMPLAINT,negative
COMPLAINTS,negative
COMPLICATE,negative
COMPLICATED,negative
COMPLICATES,negative
COMPLICATING,negative
COMPLICATION,negative
COMPLICATIONS,negative
COMPULSION,negative
CONCEALED,negative
CONCEALING,negative
CONCEDE,negative
CONCEDED,negative
CONCEDES,negative
CONCEDING CONCERN,negative
CONCERNED,negative
CONCERNS,negative
CONCILIATING,negative
CONCILIATION,negative
CONCILIATIONS,negative
CONDEMN,negative
CONDEMNATION,negative
CONDEMNATIONS,negative
CONDEMNED,negative
CONDEMNING,negative
CONDEMNS,negative
CONDONE CONDONED CONFESS,negative
CONFESSED,negative
CONFESSES,negative
CONFESSING,negative
CONFESSION,negative
CONFINE,negative
CONFINED,negative
CONFINEMENT,negative
CONFINEMENTS,negative
CONFINES,negative
CONFINING,negative
CONFISCATE,negative
CONFISCATED,negative
CONFISCATES,negative
CONFISCATING,negative
CONFISCATION,negative
CONFISCATIONS,negative
CONFLICT,negative
CONFLICTED,negative
CONFLICTING,negative
CONFLICTS,negative
CONFRONT,negative
CONFRONTATION,negative
CONFRONTATIONAL,negative
CONFRONTATIONS,negative
CONFRONTED,negative
CONFRONTING,negative
CONFRONTS,negative
CONFUSE,negative
CONFUSED,negative
CONFUSES,negative
CONFUSING CONFUSINGLY,negative
CONFUSION,negative
CONSPIRACIES CONSPIRACY,negative
CONSPIRATOR,negative
CONSPIRATORIAL CONSPIRATORS CONSPIRE,negative
CONSPIRED,negative
CONSPIRES,negative
CONSPIRING,negative
CONTEMPT,negative
CONTEND,negative
CONTENDED,negative
CONTENDING,negative
CONTENDS,negative
CONTENTION,negative
CONTENTIONS,negative
CONTENTIOUS,negative
CONTENTIOUSLY,negative
CONTESTED,negative
CONTESTING,negative
CONTRACTION,negative
CONTRACTIONS,negative
CONTRADICT,negative
CONTRADICTED,negative
CONTRADICTING,negative
CONTRADICTION,negative
CONTRADICTIONS,negative
CONTRADICTORY CONTRADICTS,negative
CONTRARY,negative
CONTROVERSIAL,negative
CONTROVERSIES,negative
CONTROVERSY,negative
CONVICT,negative
CONVICTED,negative
CONVICTING,negative
CONVICTION,negative
CONVICTIONS,negative
CORRECTED,negative
CORRECTING,negative
CORRECTION,negative
CORRECTIONS,negative
CORRECTS,negative
CORRUPT CORRUPTED,negative
CORRUPTING,negative
CORRUPTION,negative
CORRUPTIONS,negative
CORRUPTLY,negative
CORRUPTNESS,negative
COSTLY COUNTERCLAIM,negative
COUNTERCLAIMED,negative
COUNTERCLAIMING,negative
COUNTERCLAIMS,negative
COUNTERFEIT,negative
COUNTERFEITED,negative
COUNTERFEITER,negative
COUNTERFEITERS,negative
COUNTERFEITING,negative
COUNTERFEITS COUNTERMEASURE,negative
COUNTERMEASURES,negative
CRIME,negative
CRIMES,negative
CRIMINAL CRIMINALLY,negative
CRIMINALS,negative
CRISES,negative
CRISIS,negative
CRITICAL,negative
CRITICALLY,negative
CRITICISM,negative
CRITICISMS,negative
CRITICIZE,negative
CRITICIZED,negative
CRITICIZES,negative
CRITICIZING,negative
CRUCIAL CRUCIALLY,negative
CULPABILITY,negative
CULPABLE,negative
CULPABLY CUMBERSOME,negative
CURTAIL,negative
CURTAILED,negative
CURTAILING,negative
CURTAILMENT,negative
CURTAILMENTS,negative
CURTAILS,negative
CUT,negative
CUTBACK,negative
CUTBACKS,negative
CYBERATTACK,negative
CYBERATTACKS CYBERBULLYING,negative
CYBERCRIME,negative
CYBERCRIMES,negative
CYBERCRIMINAL,negative
CYBERCRIMINALS,negative
DAMAGE DAMAGED,negative
DAMAGES,negative
DAMAGING,negative
DAMPEN,negative
DAMPENED,negative
DANGER,negative
DANGEROUS,negative
DANGEROUSLY,negative
DANGERS,negative
DEADLOCK,negative
DEADLOCKED,negative
DEADLOCKING,negative
DEADLOCKS DEADWEIGHT,negative
DEADWEIGHTS DEBARMENT,negative
DEBARMENTS,negative
DEBARRED,negative
DECEASED,negative
DECEIT,negative
DECEITFUL,negative
DECEITFULNESS,negative
DECEIVE,negative
DECEIVED,negative
DECEIVES,negative
DECEIVING,negative
DECEPTION,negative
DECEPTIONS DECEPTIVE,negative
DECEPTIVELY,negative
DECLINE,negative
DECLINED,negative
DECLINES,negative
DECLINING,negative
DEFACE,negative
DEFACED,negative
DEFACEMENT,negative
DEFAMATION,negative
DEFAMATIONS,negative
DEFAMATORY,negative
DEFAME,negative
DEFAMED,negative
DEFAMES,negative
DEFAMING DEFAULT,negative
DEFAULTED,negative
DEFAULTING DEFAULTS,negative
DEFEAT,negative
DEFEATED,negative
DEFEATING,negative
DEFEATS,negative
DEFECT,negative
DEFECTIVE,negative
DEFECTS,negative
DEFEND,negative
DEFENDANT,negative
DEFENDANTS DEFENDED,negative
DEFENDING,negative
DEFENDS,negative
DEFENSIVE,negative
DEFER,negative
DEFICIENCIES,negative
DEFICIENCY,negative
DEFICIENT,negative
DEFICIT,negative
DEFICITS,negative
DEFRAUD,negative
DEFRAUDED,negative
DEFRAUDING,negative
DEFRAUDS,negative
DEFUNCT,negative
DEGRADATION,negative
DEGRADATIONS,negative
DEGRADE,negative
DEGRADED,negative
DEGRADES,negative
DEGRADING,negative
DELAY,negative
DELAYED DELAYING,negative
DELAYS,negative
DELETERIOUS,negative
DELIBERATE,negative
DELIBERATED DELIBERATELY DELINQUENCIES,negative
DELINQUENCY,negative
DELINQUENT,negative
DELINQUENTLY,negative
DELINQUENTS,negative
DELIST,negative
DELISTED,negative
DELISTING DELISTS,negative
DEMISE,negative
DEMISED,negative
DEMISES,negative
DEMISING,negative
DEMOLISH,negative
DEMOLISHED,negative
DEMOLISHES,negative
DEMOLISHING,negative
DEMOLITION,negative
DEMOLITIONS,negative
DEMOTE,negative
DEMOTED,negative
DEMOTES,negative
DEMOTING,negative
DEMOTION,negative
DEMOTIONS,negative
DENIAL,negative
DENIALS,negative
DENIED,negative
DENIES,negative
DENIGRATE,negative
DENIGRATED,negative
DENIGRATES,negative
DENIGRATING,negative
DENIGRATION,negative
DENY,negative
DENYING,negative
DEPLETE,negative
DEPLETED,negative
DEPLETES,negative
DEPLETING DEPLETION,negative
DEPLETIONS,negative
DEPRECATION,negative
DEPRESS,negative
DEPRESSED,negative
DEPRESSES,negative
DEPRESSING,negative
DEPRIVATION,negative
DEPRIVE,negative
DEPRIVED DEPRIVES,negative
DEPRIVING DERELICT,negative
DERELICTION,negative
DEROGATORY,negative
DESTABILIZATION,negative
DESTABILIZE,negative
DESTABILIZED,negative
DESTABILIZING,negative
DESTROY,negative
DESTROYED,negative
DESTROYING DESTROYS,negative
DESTRUCTION,negative
DESTRUCTIVE DETAIN,negative
DETAINED,negative
DETENTION,negative
DETENTIONS,negative
DETER,negative
DETERIORATE,negative
DETERIORATED,negative
DETERIORATES,negative
DETERIORATING,negative
DETERIORATION,negative
DETERIORATIONS,negative
DETERRED DETERRENCE,negative
DETERRENCES,negative
DETERRENT,negative
DETERRENTS DETERRING,negative
DETERS,negative
DETRACT,negative
DETRACTED,negative
DETRACTING DETRIMENT,negative
DETRIMENTAL,negative
DETRIMENTALLY,negative
DETRIMENTS DEVALUE,negative
DEVALUED,negative
DEVALUES,negative
DEVALUING,negative
DEVASTATE,negative
DEVASTATED,negative
DEVASTATING,negative
DEVASTATION,negative
DEVIATE,negative
DEVIATED,negative
DEVIATES,negative
DEVIATING,negative
DEVIATION,negative
DEVIATIONS,negative
DEVOLVE,negative
DEVOLVED DEVOLVES,negative
DEVOLVING,negative
DIFFICULT,negative
DIFFICULTIES DIFFICULTLY DIFFICULTY DIMINISH,negative
DIMINISHED DIMINISHES,negative
DIMINISHING,negative
DIMINUTION,negative
DISADVANTAGE,negative
DISADVANTAGED,negative
DISADVANTAGEOUS,negative
DISADVANTAGES DISAFFILIATION,negative
DISAGREE DISAGREEABLE,negative
DISAGREED,negative
DISAGREEING,negative
DISAGREEMENT,negative
DISAGREEMENTS,negative
DISAGREES,negative
DISALLOW,negative
DISALLOWANCE,negative
DISALLOWANCES DISALLOWED,negative
DISALLOWING,negative
DISALLOWS DISAPPEAR,negative
DISAPPEARANCE,negative
DISAPPEARANCES DISAPPEARED,negative
DISAPPEARING,negative
DISAPPEARS,negative
DISAPPOINT DISAPPOINTED,negative
DISAPPOINTING,negative
DISAPPOINTINGLY,negative
DISAPPOINTMENT,negative
DISAPPOINTMENTS,negative
DISAPPOINTS,negative
DISAPPROVAL,negative
DISAPPROVALS,negative
DISAPPROVE,negative
DISAPPROVED,negative
DISAPPROVES,negative
DISAPPROVING,negative
DISASSOCIATES,negative
DISASSOCIATING,negative
DISASSOCIATION,negative
DISASSOCIATIONS,negative
DISASTER,negative
DISASTERS,negative
DISASTROUS,negative
DISASTROUSLY,negative
DISAVOW,negative
DISAVOWAL,negative
DISAVOWED,negative
DISAVOWING,negative
DISAVOWS,negative
DISCIPLINARY,negative
DISCLAIM DISCLAIMED,negative
DISCLAIMER,negative
DISCLAIMERS,negative
DISCLAIMING,negative
DISCLAIMS,negative
DISCLOSE DISCLOSED,negative
DISCLOSES,negative
DISCLOSING DISCONTINUANCE,negative
DISCONTINUANCES,negative
DISCONTINUATION,negative
DISCONTINUATIONS,negative
DISCONTINUE,negative
DISCONTINUED,negative
DISCONTINUES DISCONTINUING,negative
DISCOURAGE DISCOURAGED,negative
DISCOURAGES,negative
DISCOURAGING,negative
DISCREDIT DISCREDITED,negative
DISCREDITING,negative
DISCREDITS,negative
DISCREPANCIES,negative
DISCREPANCY DISFAVOR,negative
DISFAVORED,negative
DISFAVORING DISFAVORS,negative
DISGORGE,negative
DISGORGED,negative
DISGORGEMENT,negative
DISGORGEMENTS,negative
DISGORGES DISGORGING,negative
DISGRACE,negative
DISGRACEFUL,negative
DISGRACEFULLY,negative
DISHONEST,negative
DISHONESTLY,negative
DISHONESTY,negative
DISHONOR,negative
DISHONORABLE,negative
DISHONORABLY,negative
DISHONORED,negative
DISHONORING,negative
DISHONORS,negative
DISINCENTIVES DISINTERESTED DISINTERESTEDLY,negative
DISINTERESTEDNESS DISLOYAL,negative
DISLOYALLY DISLOYALTY,negative
DISMAL,negative
DISMALLY DISMISS,negative
DISMISSAL,negative
DISMISSALS,negative
DISMISSED,negative
DISMISSES,negative
DISMISSING,negative
DISORDERLY,negative
DISPARAGE,negative
DISPARAGED,negative
DISPARAGEMENT DISPARAGEMENTS,negative
DISPARAGES,negative
DISPARAGING,negative
DISPARAGINGLY,negative
DISPARITIES DISPARITY,negative
DISPLACE DISPLACED,negative
DISPLACEMENT,negative
DISPLACEMENTS,negative
DISPLACES DISPLACING,negative
DISPOSE,negative
DISPOSSESS,negative
DISPOSSESSED,negative
DISPOSSESSES,negative
DISPOSSESSING,negative
DISPROPORTION,negative
DISPROPORTIONAL,negative
DISPROPORTIONATE,negative
DISPROPORTIONATELY,negative
DISPUTE,negative
DISPUTED,negative
DISPUTES,negative
DISPUTING,negative
DISQUALIFICATION DISQUALIFICATIONS,negative
DISQUALIFIED DISQUALIFIES,negative
DISQUALIFY,negative
DISQUALIFYING DISREGARD,negative
DISREGARDED DISREGARDING,negative
DISREGARDS,negative
DISREPUTABLE,negative
DISREPUTE,negative
DISRUPT,negative
DISRUPTED,negative
DISRUPTING,negative
DISRUPTION,negative
DISRUPTIONS DISRUPTIVE,negative
DISRUPTS,negative
DISSATISFACTION DISSATISFIED,negative
DISSENT,negative
DISSENTED,negative
DISSENTER,negative
DISSENTERS,negative
DISSENTING,negative
DISSENTS,negative
DISSIDENT,negative
DISSIDENTS,negative
DISSOLUTION,negative
DISSOLUTIONS,negative
DISTORT,negative
DISTORTED,negative
DISTORTING,negative
DISTORTION,negative
DISTORTIONS DISTORTS,negative
DISTRACT DISTRACTED,negative
DISTRACTING,negative
DISTRACTION,negative
DISTRACTIONS,negative
DISTRACTS,negative
DISTRESS,negative
DISTRESSED,negative
DISTURB,negative
DISTURBANCE DISTURBANCES,negative
DISTURBED,negative
DISTURBING DISTURBS,negative
DIVERSION,negative
DIVERT,negative
DIVERTED DIVERTING,negative
DIVERTS,negative
DIVEST,negative
DIVESTED,negative
DIVESTING,negative
DIVESTITURE,negative
DIVESTITURES,negative
DIVESTMENT,negative
DIVESTMENTS,negative
DIVESTS,negative
DIVORCE,negative
DIVORCED,negative
DIVULGE,negative
DIVULGED,negative
DIVULGES DIVULGING,negative
DOUBT,negative
DOUBTED,negative
DOUBTFUL DOUBTS,negative
DOWNGRADE,negative
DOWNGRADED,negative
DOWNGRADES,negative
DOWNGRADING DOWNSIZE,negative
DOWNSIZED,negative
DOWNSIZES,negative
DOWNSIZING,negative
DOWNSIZINGS,negative
DOWNTIME,negative
DOWNTIMES,negative
DOWNTURN,negative
DOWNTURNS,negative
DOWNWARD,negative
DOWNWARDS,negative
DRAG,negative
DRASTIC,negative
DRASTICALLY,negative
DRAWBACK,negative
DRAWBACKS,negative
DROPPED,negative
DROUGHT DROUGHTS,negative
DURESS,negative
DYSFUNCTION,negative
DYSFUNCTIONAL DYSFUNCTIONS,negative
EASING EGREGIOUS,negative
EGREGIOUSLY,negative
EMBARGO,negative
EMBARGOED,negative
EMBARGOES,negative
EMBARGOING,negative
EMBARRASS,negative
EMBARRASSED,negative
EMBARRASSES,negative
EMBARRASSING,negative
EMBARRASSMENT EMBARRASSMENTS,negative
EMBEZZLE,negative
EMBEZZLED,negative
EMBEZZLEMENT,negative
EMBEZZLEMENTS EMBEZZLER,negative
EMBEZZLES,negative
EMBEZZLING,negative
ENCROACH,negative
ENCROACHED,negative
ENCROACHES ENCROACHING,negative
ENCROACHMENT,negative
ENCROACHMENTS,negative
ENCUMBER,negative
ENCUMBERED,negative
ENCUMBERING,negative
ENCUMBERS,negative
ENCUMBRANCE,negative
ENCUMBRANCES ENDANGER,negative
ENDANGERED,negative
ENDANGERING,negative
ENDANGERMENT ENDANGERS,negative
ENJOIN,negative
ENJOINED,negative
ENJOINING ENJOINS,negative
ERODE,negative
ERODED,negative
ERODES,negative
ERODING,negative
EROSION,negative
ERRATIC,negative
ERRATICALLY,negative
ERRED,negative
ERRING,negative
ERRONEOUS,negative
ERRONEOUSLY,negative
ERROR,negative
ERRORS,negative
ERRS ESCALATE,negative
ESCALATED,negative
ESCALATES,negative
ESCALATING,negative
EVADE EVADED,negative
EVADES,negative
EVADING,negative
EVASION,negative
EVASIONS,negative
EVASIVE,negative
EVICT,negative
EVICTED,negative
EVICTING,negative
EVICTION,negative
EVICTIONS EVICTS,negative
EXACERBATE,negative
EXACERBATED,negative
EXACERBATES,negative
EXACERBATING,negative
EXACERBATION,negative
EXACERBATIONS EXAGGERATE,negative
EXAGGERATED,negative
EXAGGERATES,negative
EXAGGERATING,negative
EXAGGERATION,negative
EXCESSIVE EXCESSIVELY,negative
EXCULPATE,negative
EXCULPATED,negative
EXCULPATES,negative
EXCULPATING,negative
EXCULPATION,negative
EXCULPATIONS EXCULPATORY,negative
EXONERATE,negative
EXONERATED,negative
EXONERATES,negative
EXONERATING,negative
EXONERATION,negative
EXONERATIONS,negative
EXPLOIT,negative
EXPLOITATION,negative
EXPLOITATIONS EXPLOITATIVE EXPLOITED,negative
EXPLOITING,negative
EXPLOITS,negative
EXPOSE,negative
EXPOSED,negative
EXPOSES,negative
EXPOSING,negative
EXPROPRIATE,negative
EXPROPRIATED,negative
EXPROPRIATES,negative
EXPROPRIATING,negative
EXPROPRIATION,negative
EXPROPRIATIONS,negative
EXPULSION,negative
EXPULSIONS EXTENUATING,negative
FAIL,negative
FAILED,negative
FAILING,negative
FAILINGS,negative
FAILS,negative
FAILURE,negative
FAILURES FALLOUT,negative
FALSE,negative
FALSELY,negative
FALSIFICATION,negative
FALSIFICATIONS FALSIFIED,negative
FALSIFIES FALSIFY,negative
FALSIFYING,negative
FALSITY,negative
FATALITIES,negative
FATALITY FATALLY,negative
FAULT,negative
FAULTED,negative
FAULTS,negative
FAULTY,negative
FEAR FEARS,negative
FELONIES,negative
FELONIOUS,negative
FELONY,negative
FICTITIOUS,negative
FINED,negative
FINES,negative
FIRED,negative
FIRING,negative
FLAW,negative
FLAWED,negative
FLAWS,negative
FORBID,negative
FORBIDDEN,negative
FORBIDDING,negative
FORBIDS,negative
FORCE,negative
FORCED,negative
FORCING,negative
FORECLOSE,negative
FORECLOSED,negative
FORECLOSES,negative
FORECLOSING,negative
FORECLOSURE FORECLOSURES,negative
FOREGO,negative
FOREGOES,negative
FOREGONE FORESTALL,negative
FORESTALLED,negative
FORESTALLING,negative
FORESTALLS,negative
FORFEIT,negative
FORFEITED,negative
FORFEITING,negative
FORFEITS,negative
FORFEITURE FORFEITURES,negative
FORGERS,negative
FORGERY FRAUD,negative
FRAUDS,negative
FRAUDULENCE FRAUDULENT,negative
FRAUDULENTLY FRIVOLOUS,negative
FRIVOLOUSLY,negative
FRUSTRATE,negative
FRUSTRATED,negative
FRUSTRATES,negative
FRUSTRATING,negative
FRUSTRATINGLY,negative
FRUSTRATION,negative
FRUSTRATIONS,negative
FUGITIVE,negative
FUGITIVES,negative
GRATUITOUS,negative
GRATUITOUSLY GRIEVANCE,negative
GRIEVANCES,negative
GROSSLY,negative
GROUNDLESS GUILTY,negative
HALT,negative
HALTED,negative
HAMPER,negative
HAMPERED,negative
HAMPERING HAMPERS,negative
HARASS,negative
HARASSED,negative
HARASSING HARASSMENT HARDSHIP,negative
HARDSHIPS,negative
HARM,negative
HARMED,negative
HARMFUL,negative
HARMFULLY,negative
HARMING,negative
HARMS,negative
HARSH,negative
HARSHER HARSHEST,negative
HARSHLY,negative
HARSHNESS HAZARD,negative
HAZARDOUS,negative
HAZARDS,negative
HINDER,negative
HINDERED,negative
HINDERING,negative
HINDERS,negative
HINDRANCE,negative
HINDRANCES,negative
HOSTILE,negative
HOSTILITY,negative
HURT,negative
HURTING,negative
IDLE,negative
IDLED,negative
IDLING,negative
IGNORE,negative
IGNORED,negative
IGNORES,negative
IGNORING,negative
ILL,negative
ILLEGAL,negative
ILLEGALITIES,negative
ILLEGALITY,negative
ILLEGALLY,negative
ILLEGIBLE,negative
ILLICIT,negative
ILLICITLY,negative
ILLIQUID ILLIQUIDITY,negative
IMBALANCE,negative
IMBALANCES,negative
IMMATURE IMMORAL,negative
IMPAIR,negative
IMPAIRED IMPAIRING,negative
IMPAIRMENT,negative
IMPAIRMENTS,negative
IMPAIRS,negative
IMPASSE,negative
IMPASSES,negative
IMPEDE,negative
IMPEDED,negative
IMPEDES,negative
IMPEDIMENT IMPEDIMENTS,negative
IMPEDING IMPENDING,negative
IMPERATIVE,negative
IMPERFECTION,negative
IMPERFECTIONS IMPERIL,negative
IMPERMISSIBLE,negative
IMPLICATE,negative
IMPLICATED,negative
IMPLICATES,negative
IMPLICATING IMPOSSIBILITY,negative
IMPOSSIBLE,negative
IMPOUND,negative
IMPOUNDED,negative
IMPOUNDING,negative
IMPOUNDS,negative
IMPRACTICABLE IMPRACTICAL,negative
IMPRACTICALITIES,negative
IMPRACTICALITY IMPRISONMENT IMPROPER,negative
IMPROPERLY,negative
IMPROPRIETIES,negative
IMPROPRIETY IMPRUDENT,negative
IMPRUDENTLY INABILITY,negative
INACCESSIBLE,negative
INACCURACIES INACCURACY INACCURATE,negative
INACCURATELY INACTION,negative
INACTIONS INACTIVATE,negative
INACTIVATED,negative
INACTIVATES,negative
INACTIVATING,negative
INACTIVATION,negative
INACTIVATIONS,negative
INACTIVITY,negative
INADEQUACIES,negative
INADEQUACY INADEQUATE INADEQUATELY INADVERTENT,negative
INADVERTENTLY,negative
INADVISABILITY,negative
INADVISABLE INAPPROPRIATE INAPPROPRIATELY,negative
INATTENTION,negative
INCAPABLE,negative
INCAPACITATED,negative
INCAPACITY,negative
INCARCERATE,negative
INCARCERATED,negative
INCARCERATES,negative
INCARCERATING,negative
INCARCERATION,negative
INCARCERATIONS,negative
INCIDENCE,negative
INCIDENCES,negative
INCIDENT,negative
INCIDENTS INCOMPATIBILITIES,negative
INCOMPATIBILITY,negative
INCOMPATIBLE INCOMPETENCE,negative
INCOMPETENCY,negative
INCOMPETENT,negative
INCOMPETENTLY,negative
INCOMPETENTS,negative
INCOMPLETE,negative
INCOMPLETELY INCOMPLETENESS INCONCLUSIVE,negative
INCONSISTENCIES,negative
INCONSISTENCY,negative
INCONSISTENT,negative
INCONSISTENTLY,negative
INCONVENIENCE,negative
INCONVENIENCES INCONVENIENT,negative
INCORRECT INCORRECTLY,negative
INCORRECTNESS,negative
INDECENCY,negative
INDECENT INDEFEASIBLE,negative
INDEFEASIBLY,negative
INDICT,negative
INDICTABLE INDICTED,negative
INDICTING,negative
INDICTMENT,negative
INDICTMENTS,negative
INEFFECTIVE,negative
INEFFECTIVELY,negative
INEFFECTIVENESS INEFFICIENCIES,negative
INEFFICIENCY INEFFICIENT,negative
INEFFICIENTLY,negative
INELIGIBILITY,negative
INELIGIBLE,negative
INEQUITABLE,negative
INEQUITABLY,negative
INEQUITIES INEQUITY,negative
INEVITABLE INEXPERIENCE,negative
INEXPERIENCED,negative
INFERIOR,negative
INFLICTED,negative
INFRACTION,negative
INFRACTIONS,negative
INFRINGE,negative
INFRINGED,negative
INFRINGEMENT INFRINGEMENTS,negative
INFRINGES,negative
INFRINGING INHIBITED,negative
INIMICAL,negative
INJUNCTION,negative
INJUNCTIONS,negative
INJURE,negative
INJURED,negative
INJURES,negative
INJURIES,negative
INJURING,negative
INJURIOUS,negative
INJURY,negative
INORDINATE INORDINATELY,negative
INQUIRY,negative
INSECURE INSENSITIVE,negative
INSOLVENCIES,negative
INSOLVENCY,negative
INSOLVENT,negative
INSTABILITY,negative
INSUBORDINATION INSUFFICIENCY,negative
INSUFFICIENT INSUFFICIENTLY,negative
INSURRECTION,negative
INSURRECTIONS,negative
INTENTIONAL,negative
INTERFERE,negative
INTERFERED,negative
INTERFERENCE,negative
INTERFERENCES,negative
INTERFERES,negative
INTERFERING,negative
INTERMITTENT,negative
INTERMITTENTLY,negative
INTERRUPT,negative
INTERRUPTED,negative
INTERRUPTING,negative
INTERRUPTION,negative
INTERRUPTIONS,negative
INTERRUPTS INTIMIDATION,negative
INTRUSION,negative
INVALID,negative
INVALIDATE,negative
INVALIDATED INVALIDATES,negative
INVALIDATING,negative
INVALIDATION,negative
INVALIDITY,negative
INVESTIGATE INVESTIGATED,negative
INVESTIGATES,negative
INVESTIGATING,negative
INVESTIGATION,negative
INVESTIGATIONS,negative
INVOLUNTARILY,negative
INVOLUNTARY IRRECONCILABLE,negative
IRRECONCILABLY,negative
IRRECOVERABLE,negative
IRRECOVERABLY,negative
IRREGULAR,negative
IRREGULARITIES,negative
IRREGULARITY,negative
IRREGULARLY,negative
IRREPARABLE,negative
IRREPARABLY,negative
IRREVERSIBLE,negative
JEOPARDIZE,negative
JEOPARDIZED,negative
JUSTIFIABLE,negative
KICKBACK,negative
KICKBACKS,negative
KNOWINGLY,negative
LACK,negative
LACKED,negative
LACKING,negative
LACKLUSTER,negative
LACKS,negative
LAG,negative
LAGGED,negative
LAGGING,negative
LAGS,negative
LAPSE,negative
LAPSED,negative
LAPSES,negative
LAPSING,negative
LATE,negative
LAUNDERING,negative
LAYOFF,negative
LAYOFFS,negative
LIE,negative
LIMITATION,negative
LIMITATIONS,negative
LINGERING,negative
LIQUIDATE,negative
LIQUIDATED,negative
LIQUIDATES,negative
LIQUIDATING,negative
LIQUIDATION,negative
LIQUIDATIONS,negative
LIQUIDATOR,negative
LIQUIDATORS LITIGANT,negative
LITIGANTS,negative
LITIGATE,negative
LITIGATED LITIGATES,negative
LITIGATING,negative
LITIGATION,negative
LITIGATIONS,negative
LOCKOUT,negative
LOCKOUTS LOSE,negative
LOSES,negative
LOSING,negative
LOSS,negative
LOSSES,negative
LOST,negative
LYING,negative
MALFEASANCE,negative
MALFUNCTION,negative
MALFUNCTIONED,negative
MALFUNCTIONING,negative
MALFUNCTIONS,negative
MALICE,negative
MALICIOUS MALICIOUSLY,negative
MALPRACTICE,negative
MANIPULATE MANIPULATED,negative
MANIPULATES,negative
MANIPULATING,negative
MANIPULATION,negative
MANIPULATIONS,negative
MANIPULATIVE,negative
MARKDOWN,negative
MARKDOWNS,negative
MISAPPLICATION,negative
MISAPPLICATIONS,negative
MISAPPLIED,negative
MISAPPLIES,negative
MISAPPLY,negative
MISAPPLYING,negative
MISAPPROPRIATE,negative
MISAPPROPRIATED,negative
MISAPPROPRIATES,negative
MISAPPROPRIATING,negative
MISAPPROPRIATION MISAPPROPRIATIONS,negative
MISBRANDED MISCALCULATE MISCALCULATED,negative
MISCALCULATES,negative
MISCALCULATING,negative
MISCALCULATION,negative
MISCALCULATIONS,negative
MISCHARACTERIZATION,negative
MISCHIEF,negative
MISCLASSIFICATION,negative
MISCLASSIFICATIONS,negative
MISCLASSIFIED,negative
MISCLASSIFY,negative
MISCOMMUNICATION MISCONDUCT,negative
MISDATED,negative
MISDEMEANOR,negative
MISDEMEANORS,negative
MISDIRECTED,negative
MISHANDLE,negative
MISHANDLED,negative
MISHANDLES,negative
MISHANDLING,negative
MISINFORM,negative
MISINFORMATION,negative
MISINFORMED MISINFORMING,negative
MISINFORMS,negative
MISINTERPRET,negative
MISINTERPRETATION,negative
MISINTERPRETATIONS,negative
MISINTERPRETED,negative
MISINTERPRETING,negative
MISINTERPRETS MISJUDGE,negative
MISJUDGED,negative
MISJUDGES,negative
MISJUDGING,negative
MISJUDGMENT,negative
MISJUDGMENTS,negative
MISLABEL MISLABELED,negative
MISLABELING,negative
MISLABELLED,negative
MISLABELS,negative
MISLEAD,negative
MISLEADING,negative
MISLEADINGLY,negative
MISLEADS,negative
MISLED,negative
MISMANAGE MISMANAGED,negative
MISMANAGEMENT,negative
MISMANAGES MISMANAGING,negative
MISMATCH MISMATCHED,negative
MISMATCHES,negative
MISMATCHING,negative
MISPLACED MISPRICE,negative
MISPRICING,negative
MISPRICINGS,negative
MISREPRESENT,negative
MISREPRESENTATION MISREPRESENTATIONS,negative
MISREPRESENTED,negative
MISREPRESENTING,negative
MISREPRESENTS,negative
MISS,negative
MISSED,negative
MISSES,negative
MISSTATE,negative
MISSTATED,negative
MISSTATEMENT,negative
MISSTATEMENTS,negative
MISSTATES,negative
MISSTATING,negative
MISSTEP,negative
MISSTEPS,negative
MISTAKE,negative
MISTAKEN,negative
MISTAKENLY,negative
MISTAKES MISTAKING MISTRIAL,negative
MISTRIALS MISUNDERSTAND,negative
MISUNDERSTANDING,negative
MISUNDERSTANDINGS,negative
MISUNDERSTOOD MISUSE,negative
MISUSED,negative
MISUSES,negative
MISUSING,negative
MONOPOLISTIC,negative
MONOPOLISTS,negative
MONOPOLIZATION,negative
MONOPOLIZE MONOPOLIZED,negative
MONOPOLIZES,negative
MONOPOLIZING,negative
MONOPOLY,negative
MORATORIA,negative
MORATORIUM,negative
MORATORIUMS,negative
MOTHBALLED,negative
MOTHBALLING NEGATIVE,negative
NEGATIVELY,negative
NEGATIVES,negative
NEGLECT,negative
NEGLECTED,negative
NEGLECTFUL,negative
NEGLECTING,negative
NEGLECTS,negative
NEGLIGENCE,negative
NEGLIGENCES NEGLIGENT,negative
NEGLIGENTLY NONATTAINMENT NONCOMPETITIVE NONCOMPLIANCE,negative
NONCOMPLIANCES NONCOMPLIANT,negative
NONCOMPLYING NONCONFORMING,negative
NONCONFORMITIES,negative
NONCONFORMITY,negative
NONDISCLOSURE NONFUNCTIONAL,negative
NONPAYMENT NONPAYMENTS,negative
NONPERFORMANCE,negative
NONPERFORMANCES,negative
NONPERFORMING,negative
NONPRODUCING NONPRODUCTIVE NONRECOVERABLE,negative
NONRENEWAL,negative
NUISANCE,negative
NUISANCES,negative
NULLIFICATION NULLIFICATIONS,negative
NULLIFIED,negative
NULLIFIES,negative
NULLIFY,negative
NULLIFYING,negative
OBJECTED,negative
OBJECTING,negative
OBJECTION,negative
OBJECTIONABLE,negative
OBJECTIONABLY OBJECTIONS OBSCENE,negative
OBSCENITY,negative
OBSOLESCENCE,negative
OBSOLETE,negative
OBSTACLE,negative
OBSTACLES,negative
OBSTRUCT,negative
OBSTRUCTED,negative
OBSTRUCTING,negative
OBSTRUCTION,negative
OBSTRUCTIONS,negative
OFFENCE,negative
OFFENCES,negative
OFFEND,negative
OFFENDED,negative
OFFENDER,negative
OFFENDERS,negative
OFFENDING,negative
OFFENDS,negative
OMISSION,negative
OMISSIONS,negative
OMIT OMITS,negative
OMITTED,negative
OMITTING,negative
ONEROUS,negative
OPPORTUNISTIC,negative
OPPORTUNISTICALLY,negative
OPPOSE,negative
OPPOSED,negative
OPPOSES,negative
OPPOSING,negative
OPPOSITION,negative
OPPOSITIONS,negative
OUTAGE,negative
OUTAGES,negative
OUTDATED,negative
OUTMODED OVERAGE,negative
OVERAGES,negative
OVERBUILD,negative
OVERBUILDING,negative
OVERBUILDS OVERBUILT,negative
OVERBURDEN OVERBURDENED,negative
OVERBURDENING,negative
OVERCAPACITIES OVERCAPACITY,negative
OVERCHARGE OVERCHARGED,negative
OVERCHARGES,negative
OVERCHARGING,negative
OVERCOME,negative
OVERCOMES,negative
OVERCOMING,negative
OVERDUE,negative
OVERESTIMATE,negative
OVERESTIMATED,negative
OVERESTIMATES,negative
OVERESTIMATING,negative
OVERESTIMATION,negative
OVERESTIMATIONS,negative
OVERLOAD,negative
OVERLOADED,negative
OVERLOADING,negative
OVERLOADS,negative
OVERLOOK,negative
OVERLOOKED,negative
OVERLOOKING,negative
OVERLOOKS,negative
OVERPAID,negative
OVERPAYMENT,negative
OVERPAYMENTS,negative
OVERPRODUCED OVERPRODUCES,negative
OVERPRODUCING,negative
OVERPRODUCTION,negative
OVERRUN,negative
OVERRUNNING,negative
OVERRUNS,negative
OVERSHADOW,negative
OVERSHADOWED,negative
OVERSHADOWING,negative
OVERSHADOWS,negative
OVERSTATE,negative
OVERSTATED OVERSTATEMENT,negative
OVERSTATEMENTS OVERSTATES,negative
OVERSTATING,negative
OVERSUPPLIED OVERSUPPLIES,negative
OVERSUPPLY,negative
OVERSUPPLYING,negative
OVERTLY,negative
OVERTURN,negative
OVERTURNED,negative
OVERTURNING,negative
OVERTURNS,negative
OVERVALUE,negative
OVERVALUED OVERVALUING PANIC,negative
PANICS,negative
PENALIZE,negative
PENALIZED,negative
PENALIZES,negative
PENALIZING PENALTIES PENALTY,negative
PERIL,negative
PERILS,negative
PERJURY,negative
PERPETRATE,negative
PERPETRATED,negative
PERPETRATES,negative
PERPETRATING,negative
PERPETRATION,negative
PERSIST,negative
PERSISTED PERSISTENCE PERSISTENT,negative
PERSISTENTLY,negative
PERSISTING,negative
PERSISTS,negative
PERVASIVE,negative
PERVASIVELY,negative
PERVASIVENESS,negative
PETTY,negative
PICKET,negative
PICKETED,negative
PICKETING,negative
PLAINTIFF,negative
PLAINTIFFS,negative
PLEA,negative
PLEAD,negative
PLEADED,negative
PLEADING,negative
PLEADINGS,negative
PLEADS,negative
PLEAS,negative
PLED,negative
POOR,negative
POORLY,negative
POSES,negative
POSING,negative
POSTPONE,negative
POSTPONED,negative
POSTPONEMENT,negative
POSTPONEMENTS,negative
POSTPONES,negative
POSTPONING,negative
PRECIPITATED,negative
PRECIPITOUS,negative
PRECIPITOUSLY,negative
PRECLUDE PRECLUDED,negative
PRECLUDES,negative
PRECLUDING,negative
PREDATORY,negative
PREJUDICE,negative
PREJUDICED,negative
PREJUDICES,negative
PREJUDICIAL,negative
PREJUDICING,negative
PREMATURE PREMATURELY,negative
PRESSING PRETRIAL,negative
PREVENTING,negative
PREVENTION,negative
PREVENTS,negative
PROBLEM,negative
PROBLEMATIC,negative
PROBLEMATICAL PROBLEMS PROLONG,negative
PROLONGATION PROLONGATIONS,negative
PROLONGED,negative
PROLONGING PROLONGS,negative
PRONE,negative
PROSECUTE,negative
PROSECUTED,negative
PROSECUTES,negative
PROSECUTING,negative
PROSECUTION,negative
PROSECUTIONS,negative
PROTEST,negative
PROTESTED PROTESTER,negative
PROTESTERS,negative
PROTESTING,negative
PROTESTOR,negative
PROTESTORS,negative
PROTESTS,negative
PROTRACTED,negative
PROTRACTION,negative
PROVOKE,negative
PROVOKED,negative
PROVOKES,negative
PROVOKING,negative
PUNISHED,negative
PUNISHES PUNISHING,negative
PUNISHMENT PUNISHMENTS,negative
PUNITIVE,negative
PURPORT,negative
PURPORTED,negative
PURPORTEDLY PURPORTING PURPORTS,negative
QUESTION,negative
QUESTIONABLE,negative
QUESTIONABLY,negative
QUESTIONED QUESTIONING,negative
QUESTIONS,negative
QUIT,negative
QUITTING,negative
RACKETEER,negative
RACKETEERING,negative
RATIONALIZATION,negative
RATIONALIZATIONS,negative
RATIONALIZE,negative
RATIONALIZED,negative
RATIONALIZES,negative
RATIONALIZING,negative
REASSESSMENT,negative
REASSESSMENTS,negative
REASSIGN,negative
REASSIGNED,negative
REASSIGNING,negative
REASSIGNMENT,negative
REASSIGNMENTS,negative
REASSIGNS,negative
RECALL,negative
RECALLED,negative
RECALLING,negative
RECALLS,negative
RECESSION,negative
RECESSIONARY,negative
RECESSIONS,negative
RECKLESS,negative
RECKLESSLY RECKLESSNESS,negative
REDACT,negative
REDACTED,negative
REDACTING,negative
REDACTION,negative
REDACTIONS,negative
REDEFAULT,negative
REDEFAULTED,negative
REDEFAULTS,negative
REDRESS,negative
REDRESSED REDRESSES,negative
REDRESSING,negative
REFUSAL,negative
REFUSALS,negative
REFUSE,negative
REFUSED,negative
REFUSES,negative
REFUSING REJECT,negative
REJECTED,negative
REJECTING,negative
REJECTION,negative
REJECTIONS REJECTS,negative
RELINQUISH RELINQUISHED,negative
RELINQUISHES RELINQUISHING RELINQUISHMENT,negative
RELINQUISHMENTS,negative
RELUCTANCE,negative
RELUCTANT,negative
RENEGOTIATE,negative
RENEGOTIATED,negative
RENEGOTIATES,negative
RENEGOTIATING,negative
RENEGOTIATION,negative
RENEGOTIATIONS,negative
RENOUNCE,negative
RENOUNCED,negative
RENOUNCEMENT,negative
RENOUNCEMENTS,negative
RENOUNCES RENOUNCING REPARATION,negative
REPARATIONS,negative
REPOSSESSED,negative
REPOSSESSES,negative
REPOSSESSING,negative
REPOSSESSION,negative
REPOSSESSIONS,negative
REPUDIATE,negative
REPUDIATED REPUDIATES,negative
REPUDIATING,negative
REPUDIATION REPUDIATIONS,negative
RESIGN,negative
RESIGNATION,negative
RESIGNATIONS,negative
RESIGNED RESIGNING,negative
RESIGNS,negative
RESTATE,negative
RESTATED RESTATEMENT,negative
RESTATEMENTS,negative
RESTATES,negative
RESTATING,negative
RESTRUCTURE,negative
RESTRUCTURED,negative
RESTRUCTURES,negative
RESTRUCTURING RESTRUCTURINGS,negative
RETALIATE,negative
RETALIATED,negative
RETALIATES,negative
RETALIATING,negative
RETALIATION,negative
RETALIATIONS RETALIATORY,negative
RETRIBUTION RETRIBUTIONS,negative
REVOCATION,negative
REVOCATIONS,negative
REVOKE,negative
REVOKED,negative
REVOKES,negative
REVOKING,negative
RIDICULE,negative
RIDICULED,negative
RIDICULES,negative
RIDICULING,negative
RISKIER RISKIEST,negative
RISKY,negative
SABOTAGE,negative
SACRIFICE,negative
SACRIFICED SACRIFICES,negative
SACRIFICIAL,negative
SACRIFICING SCANDALOUS SCANDALS,negative
SCRUTINIZE,negative
SCRUTINIZED,negative
SCRUTINIZES,negative
SCRUTINIZING,negative
SCRUTINY,negative
SECRECY,negative
SEIZE,negative
SEIZED,negative
SEIZES,negative
SEIZING SENTENCED SENTENCING,negative
SERIOUS,negative
SERIOUSLY,negative
SERIOUSNESS SETBACK,negative
SETBACKS,negative
SEVER,negative
SEVERE,negative
SEVERED,negative
SEVERELY SEVERITIES,negative
SEVERITY,negative
SHARPLY,negative
SHOCKED,negative
SHORTAGE,negative
SHORTAGES,negative
SHORTFALL,negative
SHORTFALLS,negative
SHRINKAGE,negative
SHRINKAGES,negative
SHUT,negative
SHUTDOWN,negative
SHUTDOWNS,negative
SHUTS,negative
SHUTTING,negative
SLANDER,negative
SLANDERED,negative
SLANDEROUS,negative
SLANDERS SLIPPAGE,negative
SLIPPAGES,negative
SLOW,negative
SLOWDOWN SLOWDOWNS,negative
SLOWED SLOWER,negative
SLOWEST SLOWING,negative
SLOWLY,negative
SLOWNESS,negative
SLUGGISH,negative
SLUGGISHLY,negative
SLUGGISHNESS SOLVENCIES,negative
SOLVENCY SPAM,negative
SPAMMERS,negative
SPAMMING,negative
STAGGERING,negative
STAGNANT,negative
STAGNATE STAGNATED,negative
STAGNATES,negative
STAGNATING,negative
STAGNATION STANDSTILL,negative
STANDSTILLS,negative
STOLEN,negative
STOPPAGE,negative
STOPPAGES,negative
STOPPED,negative
STOPPING,negative
STOPS,negative
STRAIN,negative
STRAINED STRAINING,negative
STRAINS,negative
STRESS,negative
STRESSED,negative
STRESSES,negative
STRESSFUL STRESSING,negative
STRINGENT SUBJECTED,negative
SUBJECTING,negative
SUBJECTION,negative
SUBPOENA,negative
SUBPOENAED,negative
SUBPOENAS SUBSTANDARD,negative
SUE,negative
SUED,negative
SUES,negative
SUFFER,negative
SUFFERED,negative
SUFFERING,negative
SUFFERS,negative
SUING,negative
SUMMONED,negative
SUMMONING,negative
SUMMONS,negative
SUMMONSES SUSCEPTIBILITY,negative
SUSCEPTIBLE,negative
SUSPECT SUSPECTED,negative
SUSPECTS,negative
SUSPEND,negative
SUSPENDED,negative
SUSPENDING,negative
SUSPENDS,negative
SUSPENSION SUSPENSIONS,negative
SUSPICION,negative
SUSPICIONS,negative
SUSPICIOUS,negative
SUSPICIOUSLY,negative
TAINT,negative
TAINTED,negative
TAINTING,negative
TAINTS,negative
TAMPERED,negative
TENSE,negative
TERMINATE,negative
TERMINATED,negative
TERMINATES,negative
TERMINATING,negative
TERMINATION,negative
TERMINATIONS TESTIFY,negative
TESTIFYING,negative
THREAT,negative
THREATEN,negative
THREATENED,negative
THREATENING THREATENS,negative
THREATS,negative
TIGHTENING,negative
TOLERATE,negative
TOLERATED,negative
TOLERATES,negative
TOLERATING,negative
TOLERATION,negative
TORTUOUS,negative
TORTUOUSLY,negative
TRAGEDIES,negative
TRAGEDY,negative
TRAGIC,negative
TRAGICALLY,negative
TRAUMATIC,negative
TROUBLE,negative
TROUBLED TROUBLES,negative
TURBULENCE,negative
TURMOIL,negative
UNABLE,negative
UNACCEPTABLE,negative
UNACCEPTABLY,negative
UNACCOUNTED,negative
UNANNOUNCED UNANTICIPATED,negative
UNAPPROVED,negative
UNATTRACTIVE,negative
UNAUTHORIZED,negative
UNAVAILABILITY,negative
UNAVAILABLE,negative
UNAVOIDABLE,negative
UNAVOIDABLY,negative
UNAWARE,negative
UNCOLLECTABLE UNCOLLECTED,negative
UNCOLLECTIBILITY,negative
UNCOLLECTIBLE,negative
UNCOLLECTIBLES,negative
UNCOMPETITIVE UNCOMPLETED,negative
UNCONSCIONABLE,negative
UNCONSCIONABLY,negative
UNCONTROLLABLE,negative
UNCONTROLLABLY,negative
UNCONTROLLED UNCORRECTED,negative
UNCOVER,negative
UNCOVERED,negative
UNCOVERING,negative
UNCOVERS,negative
UNDELIVERABLE,negative
UNDELIVERED UNDERCAPITALIZED,negative
UNDERCUT,negative
UNDERCUTS,negative
UNDERCUTTING,negative
UNDERESTIMATE UNDERESTIMATED,negative
UNDERESTIMATES,negative
UNDERESTIMATING,negative
UNDERESTIMATION,negative
UNDERFUNDED,negative
UNDERINSURED,negative
UNDERMINE UNDERMINED,negative
UNDERMINES,negative
UNDERMINING,negative
UNDERPAID,negative
UNDERPAYMENT,negative
UNDERPAYMENTS,negative
UNDERPAYS UNDERPERFORM,negative
UNDERPERFORMANCE,negative
UNDERPERFORMED,negative
UNDERPERFORMING,negative
UNDERPERFORMS UNDERPRODUCED,negative
UNDERPRODUCTION,negative
UNDERREPORTING,negative
UNDERSTATE,negative
UNDERSTATED,negative
UNDERSTATEMENT,negative
UNDERSTATEMENTS UNDERSTATES,negative
UNDERSTATING,negative
UNDERUTILIZATION,negative
UNDERUTILIZED,negative
UNDESIRABLE,negative
UNDESIRED,negative
UNDETECTED,negative
UNDETERMINED UNDISCLOSED,negative
UNDOCUMENTED,negative
UNDUE,negative
UNDULY,negative
UNECONOMIC,negative
UNECONOMICAL,negative
UNECONOMICALLY,negative
UNEMPLOYED,negative
UNEMPLOYMENT,negative
UNETHICAL,negative
UNETHICALLY,negative
UNEXCUSED,negative
UNEXPECTED,negative
UNEXPECTEDLY,negative
UNFAIR,negative
UNFAIRLY,negative
UNFAVORABILITY,negative
UNFAVORABLE,negative
UNFAVORABLY,negative
UNFAVOURABLE,negative
UNFEASIBLE,negative
UNFIT,negative
UNFITNESS,negative
UNFORESEEABLE,negative
UNFORESEEN,negative
UNFORSEEN,negative
UNFORTUNATE,negative
UNFORTUNATELY,negative
UNFOUNDED,negative
UNFRIENDLY,negative
UNFULFILLED,negative
UNFUNDED,negative
UNINSURED,negative
UNINTENDED,negative
UNINTENTIONAL,negative
UNINTENTIONALLY,negative
UNJUST,negative
UNJUSTIFIABLE,negative
UNJUSTIFIABLY,negative
UNJUSTIFIED,negative
UNJUSTLY,negative
UNKNOWING UNKNOWINGLY,negative
UNLAWFUL,negative
UNLAWFULLY,negative
UNLICENSED UNLIQUIDATED,negative
UNMARKETABLE,negative
UNMERCHANTABLE,negative
UNMERITORIOUS,negative
UNNECESSARILY,negative
UNNECESSARY,negative
UNNEEDED,negative
UNOBTAINABLE,negative
UNOCCUPIED,negative
UNPAID,negative
UNPERFORMED,negative
UNPLANNED,negative
UNPOPULAR,negative
UNPREDICTABILITY UNPREDICTABLE,negative
UNPREDICTABLY,negative
UNPREDICTED UNPRODUCTIVE,negative
UNPROFITABILITY,negative
UNPROFITABLE,negative
UNQUALIFIED,negative
UNREALISTIC UNREASONABLE,negative
UNREASONABLENESS,negative
UNREASONABLY,negative
UNRECEPTIVE,negative
UNRECOVERABLE,negative
UNRECOVERED,negative
UNREIMBURSED,negative
UNRELIABLE,negative
UNREMEDIED,negative
UNREPORTED,negative
UNRESOLVED,negative
UNREST,negative
UNSAFE,negative
UNSALABLE,negative
UNSALEABLE,negative
UNSATISFACTORY,negative
UNSATISFIED,negative
UNSAVORY,negative
UNSCHEDULED,negative
UNSELLABLE,negative
UNSOLD,negative
UNSOUND,negative
UNSTABILIZED,negative
UNSTABLE,negative
UNSUBSTANTIATED,negative
UNSUCCESSFUL,negative
UNSUCCESSFULLY,negative
UNSUITABILITY,negative
UNSUITABLE,negative
UNSUITABLY,negative
UNSUITED,negative
UNSURE,negative
UNSUSPECTED,negative
UNSUSPECTING,negative
UNSUSTAINABLE,negative
UNTENABLE,negative
UNTIMELY,negative
UNTRUSTED,negative
UNTRUTH,negative
UNTRUTHFUL,negative
UNTRUTHFULLY,negative
UNTRUTHFULNESS,negative
UNTRUTHS,negative
UNUSABLE,negative
UNWANTED,negative
UNWARRANTED,negative
UNWELCOME,negative
UNWILLING,negative
UNWILLINGNESS,negative
UPSET,negative
URGENCY,negative
URGENT,negative
USURIOUS,negative
USURP,negative
USURPED,negative
USURPING,negative
USURPS,negative
USURY,negative
VANDALISM,negative
VERDICT,negative
VERDICTS,negative
VETOED,negative
VICTIMS,negative
VIOLATE,negative
VIOLATED,negative
VIOLATES,negative
VIOLATING,negative
VIOLATION,negative
VIOLATIONS,negative
VIOLATIVE,negative
VIOLATOR,negative
VIOLATORS,negative
VIOLENCE,negative
VIOLENT,negative
VIOLENTLY,negative
VITIATE,negative
VITIATED,negative
VITIATES,negative
VITIATING,negative
VITIATION,negative
VOIDED,negative
VOIDING,negative
VOLATILE,negative
VOLATILITY,negative
VULNERABILITIES,negative
VULNERABILITY,negative
VULNERABLE,negative
VULNERABLY,negative
WARN,negative
WARNED,negative
WARNING,negative
WARNINGS,negative
WARNS,negative
WASTED,negative
WASTEFUL,negative
WASTING,negative
WEAK,negative
WEAKEN,negative
WEAKENED,negative
WEAKENING,negative
WEAKENS,negative
WEAKER,negative
WEAKEST,negative
WEAKLY,negative
WEAKNESS,negative
WEAKNESSES,negative
WILLFULLY,negative
WORRIES,negative
WORRY,negative
WORRYING,negative
WORSE,negative
WORSEN,negative
WORSENED,negative
WORSENING,negative
WORSENS,negative
WORST,negative
WORTHLESS,negative
WRITEDOWN,negative
WRITEDOWNS,negative
WRITEOFF,negative
WRITEOFFS,negative
WRONG,negative
WRONGDOING,negative
WRONGDOINGS,negative
WRONGFUL,negative
WRONGFULLY,negative
WRONGLY,negative
ABEYANCE,negative
ABEYANCES,negative
ALMOST,negative
ALTERATION,negative
ALTERATIONS,negative
AMBIGUITIES,negative
AMBIGUITY AMBIGUOUS,negative
ANOMALIES,negative
ANOMALOUS,negative
ANOMALOUSLY,negative
ANOMALY,negative
ANTICIPATE,negative
ANTICIPATED,negative
ANTICIPATES,negative
ANTICIPATING,negative
ANTICIPATION,negative
ANTICIPATIONS,negative
APPARENT,negative
APPARENTLY APPEAR,negative
APPEARED,negative
APPEARING,negative
APPEARS,negative
APPROXIMATE,negative
APPROXIMATED,negative
APPROXIMATELY,negative
APPROXIMATES,negative
APPROXIMATING,negative
APPROXIMATION,negative
APPROXIMATIONS ARBITRARILY,negative
ARBITRARINESS,negative
ARBITRARY,negative
ASSUME,negative
ASSUMED ASSUMES,negative
ASSUMING,negative
ASSUMPTION,negative
ASSUMPTIONS,negative
BELIEVE,negative
BELIEVED,negative
BELIEVES,negative
BELIEVING,negative
CAUTIOUS,negative
CAUTIOUSLY,negative
CAUTIOUSNESS,negative
CLARIFICATION,negative
CLARIFICATIONS,negative
CONCEIVABLE CONCEIVABLY,negative
CONDITIONAL,negative
CONDITIONALLY,negative
CONFUSES CONFUSING CONFUSINGLY,negative
CONFUSION,negative
CONTINGENCIES,negative
CONTINGENCY,negative
CONTINGENT,negative
CONTINGENTLY,negative
CONTINGENTS,negative
COULD,negative
CROSSROAD,negative
CROSSROADS,negative
DEPEND,negative
DEPENDED,negative
DEPENDENCE DEPENDENCIES,negative
DEPENDENCY,negative
DEPENDENT,negative
DEPENDING,negative
DEPENDS,negative
DESTABILIZING,negative
DEVIATE,negative
DEVIATED,negative
DEVIATES,negative
DEVIATING DEVIATION,negative
DEVIATIONS,negative
DIFFER,negative
DIFFERED,negative
DIFFERING,negative
DIFFERS,negative
DOUBT,negative
DOUBTED,negative
DOUBTFUL,negative
DOUBTS,negative
EXPOSURE,negative
EXPOSURES FLUCTUATE,negative
FLUCTUATED,negative
FLUCTUATES,negative
FLUCTUATING,negative
FLUCTUATION,negative
FLUCTUATIONS,negative
HIDDEN,negative
HINGES,negative
IMPRECISE,negative
IMPRECISION,negative
IMPRECISIONS,negative
IMPROBABILITY,negative
IMPROBABLE INCOMPLETENESS,negative
INDEFINITE,negative
INDEFINITELY,negative
INDEFINITENESS,negative
INDETERMINABLE INDETERMINATE,negative
INEXACT,negative
INEXACTNESS INSTABILITIES INSTABILITY,negative
INTANGIBLE,negative
INTANGIBLES,negative
LIKELIHOOD,negative
MAY,negative
MAYBE,negative
MIGHT,negative
NEARLY,negative
NONASSESSABLE,negative
OCCASIONALLY ORDINARILY,negative
PENDING PERHAPS,negative
POSSIBILITIES,negative
POSSIBILITY,negative
POSSIBLE,negative
POSSIBLY,negative
PRECAUTION PRECAUTIONARY,negative
PRECAUTIONS,negative
PREDICT,negative
PREDICTABILITY,negative
PREDICTED,negative
PREDICTING PREDICTION,negative
PREDICTIONS,negative
PREDICTIVE PREDICTOR,negative
PREDICTORS,negative
PREDICTS PRELIMINARILY,negative
PRELIMINARY,negative
PRESUMABLY,negative
PRESUME,negative
PRESUMED,negative
PRESUMES,negative
PRESUMING,negative
PRESUMPTION,negative
PRESUMPTIONS PROBABILISTIC,negative
PROBABILITIES,negative
PROBABILITY,negative
PROBABLE,negative
PROBABLY,negative
RANDOM,negative
RANDOMIZE,negative
RANDOMIZED,negative
RANDOMIZES,negative
RANDOMIZING,negative
RANDOMLY,negative
RANDOMNESS,negative
REASSESS,negative
REASSESSED,negative
REASSESSES,negative
REASSESSING,negative
REASSESSMENT,negative
REASSESSMENTS RECALCULATE,negative
RECALCULATED,negative
RECALCULATES,negative
RECALCULATING,negative
RECALCULATION,negative
RECALCULATIONS RECONSIDER,negative
RECONSIDERED,negative
RECONSIDERING,negative
RECONSIDERS,negative
REEXAMINATION,negative
REEXAMINE,negative
REEXAMINING REINTERPRET,negative
REINTERPRETATION,negative
REINTERPRETATIONS,negative
REINTERPRETED REINTERPRETING,negative
REINTERPRETS,negative
REVISE,negative
REVISED,negative
RISK,negative
RISKED,negative
RISKIER,negative
RISKIEST,negative
RISKINESS,negative
RISKING,negative
RISKS,negative
RISKY,negative
ROUGHLY,negative
RUMORS,negative
SEEMS,negative
SELDOM,negative
SELDOMLY,negative
SOMETIME,negative
SOMETIMES SOMEWHAT,negative
SOMEWHERE,negative
SPECULATE,negative
SPECULATED,negative
SPECULATES,negative
SPECULATING,negative
SPECULATION,negative
SPECULATIONS,negative
SPECULATIVE,negative
SPECULATIVELY,negative
SPORADIC,negative
SPORADICALLY,negative
SUDDEN,negative
SUDDENLY,negative
SUGGEST,negative
SUGGESTED,negative
SUGGESTING SUGGESTS,negative
SUSCEPTIBILITY,negative
TENDING,negative
TENTATIVE,negative
TENTATIVELY,negative
TURBULENCE UNCERTAIN,negative
UNCERTAINLY,negative
UNCERTAINTIES,negative
UNCERTAINTY,negative
UNCLEAR,negative
UNCONFIRMED,negative
UNDECIDED,negative
UNDEFINED,negative
UNDESIGNATED,negative
UNDETECTABLE,negative
UNDETERMINABLE,negative
UNDETERMINED,negative
UNDOCUMENTED,negative
UNEXPECTED,negative
UNEXPECTEDLY UNFAMILIAR UNFAMILIARITY,negative
UNFORECASTED,negative
UNFORSEEN,negative
UNGUARANTEED,negative
UNHEDGED,negative
UNIDENTIFIABLE,negative
UNIDENTIFIED,negative
UNKNOWN,negative
UNKNOWNS,negative
UNOBSERVABLE,negative
UNPLANNED,negative
UNPREDICTABILITY,negative
UNPREDICTABLE,negative
UNPREDICTABLY,negative
UNPREDICTED,negative
UNPROVED,negative
UNPROVEN,negative
UNQUANTIFIABLE,negative
UNQUANTIFIED,negative
UNRECONCILED,negative
UNSEASONABLE,negative
UNSEASONABLY UNSETTLED,negative
UNSPECIFIC,negative
UNSPECIFIED,negative
UNTESTED,negative
UNUSUAL UNUSUALLY,negative
UNWRITTEN,negative
VAGARIES,negative
VAGUE,negative
VAGUELY,negative
VAGUENESS VAGUENESSES,negative
VAGUER,negative
VAGUEST,negative
VARIABILITY,negative
VARIABLE,negative
VARIABLES,negative
VARIABLY,negative
VARIANCE,negative
VARIANCES,negative
VARIANT,negative
VARIANTS,negative
VARIATION,negative
VARIATIONS,negative
VARIED,negative
VARIES,negative
VARY,negative
VARYING,negative
VOLATILE,negative
VOLATILITIES,negative
VOLATILITY,negative